Harvest;Syst;Mod;Exp;Tree;Rang;Cal;W_calibre;N_sain_cal;N_rot_cal;N_pic_cal;N_epi_cal;N_tot_cal;perc_rot;perc_cal
1;ECO;S2M1;M1_400_100%;1;R2;C;0;0;0;0;0;0;NA;0
1;ECO;S2M1;M1_400_100%;1;R2;B;845;6;0;0;0;6;0;9.836065574
1;ECO;S2M1;M1_400_100%;1;R2;A;5923;29;0;4;2;35;0;57.37704918
1;ECO;S2M1;M1_400_100%;1;R2;2A;4152;16;0;4;0;20;0;32.78688525
1;ECO;S2M1;M1_400_100%;1;R2;3A;0;0;0;0;0;0;NA;0
1;ECO;S2M1;M1_400_100%;2;R2;C;0;0;0;0;0;0;NA;0
1;ECO;S2M1;M1_400_100%;2;R2;B;799;3;0;1;2;6;0;9.836065574
1;ECO;S2M1;M1_400_100%;2;R2;A;5493;28;0;2;2;32;0;52.45901639
1;ECO;S2M1;M1_400_100%;2;R2;2A;4735;20;0;1;2;23;0;37.70491803
1;ECO;S2M1;M1_400_100%;2;R2;3A;0;0;0;0;0;0;NA;0
1;ECO;S2M1;M1_400_100%;3;R3;C;0;0;0;0;0;0;NA;0
1;ECO;S2M1;M1_400_100%;3;R3;B;1973;13;0;0;1;14;0;22.95081967
1;ECO;S2M1;M1_400_100%;3;R3;A;6519;31;0;4;3;38;0;62.29508197
1;ECO;S2M1;M1_400_100%;3;R3;2A;1601;6;0;0;2;8;0;13.1147541
1;ECO;S2M1;M1_400_100%;3;R3;3A;237;1;0;0;0;1;0;1.639344262
1;ECO;S2M1;M1_400_100%;4;R3;C;0;0;0;0;0;0;NA;0
1;ECO;S2M1;M1_400_100%;4;R3;B;0;0;0;0;0;0;NA;0
1;ECO;S2M1;M1_400_100%;4;R3;A;2136;12;0;0;0;12;0;19.04761905
1;ECO;S2M1;M1_400_100%;4;R3;2A;9335;38;0;3;2;43;0;68.25396825
1;ECO;S2M1;M1_400_100%;4;R3;3A;2136;8;0;0;0;8;0;12.6984127
1;ECO;S2M1;M1_400_100%;5;R5;C;0;0;0;0;0;0;NA;0
1;ECO;S2M1;M1_400_100%;5;R5;B;434;2;0;1;0;3;0;5
1;ECO;S2M1;M1_400_100%;5;R5;A;4825;21;0;4;3;28;0;46.66666667
1;ECO;S2M1;M1_400_100%;5;R5;2A;5889;18;0;9;1;28;0;46.66666667
1;ECO;S2M1;M1_400_100%;5;R5;3A;238;1;0;0;0;1;0;1.666666667
1;ECO;S2M1;M1_400_100%;6;R5;C;0;0;0;0;0;0;NA;0
1;ECO;S2M1;M1_400_100%;6;R5;B;0;0;0;0;0;0;NA;0
1;ECO;S2M1;M1_400_100%;6;R5;A;2864;12;0;1;3;16;0;23.52941176
1;ECO;S2M1;M1_400_100%;6;R5;2A;9583;41;0;2;2;45;0;66.17647059
1;ECO;S2M1;M1_400_100%;6;R5;3A;1760;7;0;0;0;7;0;10.29411765
1;ECO;S2M2;M2_200_100%;1;R2;C;0;0;0;0;0;0;NA;0
1;ECO;S2M2;M2_200_100%;1;R2;B;0;0;0;0;0;0;NA;0
1;ECO;S2M2;M2_200_100%;1;R2;A;2055;11;0;0;1;12;0;18.18181818
1;ECO;S2M2;M2_200_100%;1;R2;2A;8891;34;0;4;4;42;0;63.63636364
1;ECO;S2M2;M2_200_100%;1;R2;3A;3064;7;0;3;2;12;0;18.18181818
1;ECO;S2M2;M2_200_100%;2;R2;C;0;0;0;0;0;0;NA;0
1;ECO;S2M2;M2_200_100%;2;R2;B;0;0;0;0;0;0;NA;0
1;ECO;S2M2;M2_200_100%;2;R2;A;2137;11;0;0;1;12;0;20
1;ECO;S2M2;M2_200_100%;2;R2;2A;9688;38;0;4;2;44;0;73.33333333
1;ECO;S2M2;M2_200_100%;2;R2;3A;1023;4;0;0;0;4;0;6.666666667
1;ECO;S2M2;M2_200_100%;3;R3;C;0;0;0;0;0;0;NA;0
1;ECO;S2M2;M2_200_100%;3;R3;B;0;0;0;0;0;0;NA;0
1;ECO;S2M2;M2_200_100%;3;R3;A;2390;11;0;1;1;13;0;20
1;ECO;S2M2;M2_200_100%;3;R3;2A;8385;31;1;6;2;40;0.025;61.53846154
1;ECO;S2M2;M2_200_100%;3;R3;3A;3210;10;0;2;0;12;0;18.46153846
1;ECO;S2M2;M2_200_100%;4;R3;C;0;0;0;0;0;0;NA;0
1;ECO;S2M2;M2_200_100%;4;R3;B;0;0;0;0;0;0;NA;0
1;ECO;S2M2;M2_200_100%;4;R3;A;1822;9;0;0;1;10;0;16.12903226
1;ECO;S2M2;M2_200_100%;4;R3;2A;9440;41;0;0;2;43;0;69.35483871
1;ECO;S2M2;M2_200_100%;4;R3;3A;2332;7;0;1;1;9;0;14.51612903
1;ECO;S2M2;M2_200_100%;5;R5;C;0;0;0;0;0;0;NA;0
1;ECO;S2M2;M2_200_100%;5;R5;B;117;0;0;0;1;1;0;1.612903226
1;ECO;S2M2;M2_200_100%;5;R5;A;4064;20;0;1;2;23;0;37.09677419
1;ECO;S2M2;M2_200_100%;5;R5;2A;7222;25;0;7;3;35;0;56.4516129
1;ECO;S2M2;M2_200_100%;5;R5;3A;789;0;0;2;1;3;0;4.838709677
1;ECO;S2M2;M2_200_100%;6;R5;C;0;0;0;0;0;0;NA;0
1;ECO;S2M2;M2_200_100%;6;R5;B;0;0;0;0;0;0;NA;0
1;ECO;S2M2;M2_200_100%;6;R5;A;4486;21;0;2;1;24;0;38.70967742
1;ECO;S2M2;M2_200_100%;6;R5;2A;5669;22;0;4;0;26;0;41.93548387
1;ECO;S2M2;M2_200_100%;6;R5;3A;3153;8;0;3;1;12;0;19.35483871
1;ECO;S2M3;M3_400_50%;1;R1;C;0;0;0;0;0;0;NA;0
1;ECO;S2M3;M3_400_50%;1;R1;B;1805;11;0;1;1;13;0;21.31147541
1;ECO;S2M3;M3_400_50%;1;R1;A;5911;27;0;5;2;34;0;55.73770492
1;ECO;S2M3;M3_400_50%;1;R1;2A;2897;10;0;4;0;14;0;22.95081967
1;ECO;S2M3;M3_400_50%;1;R1;3A;0;0;0;0;0;0;NA;0
1;ECO;S2M3;M3_400_50%;2;R1;C;1514;14;0;0;0;14;0;23.33333333
1;ECO;S2M3;M3_400_50%;2;R1;B;4887;34;0;1;1;36;0;60
1;ECO;S2M3;M3_400_50%;2;R1;A;1684;6;0;2;2;10;0;16.66666667
1;ECO;S2M3;M3_400_50%;2;R1;2A;0;0;0;0;0;0;NA;0
1;ECO;S2M3;M3_400_50%;2;R1;3A;0;0;0;0;0;0;NA;0
1;ECO;S2M3;M3_400_50%;3;R1;C;0;0;0;0;0;0;NA;0
1;ECO;S2M3;M3_400_50%;3;R1;B;5608;39;0;2;2;43;0;68.25396825
1;ECO;S2M3;M3_400_50%;3;R1;A;3122;17;0;1;0;18;0;28.57142857
1;ECO;S2M3;M3_400_50%;3;R1;2A;392;2;0;0;0;2;0;3.174603175
1;ECO;S2M3;M3_400_50%;3;R1;3A;0;0;0;0;0;0;NA;0
1;ECO;S2M3;M3_400_50%;4;R6;C;223;2;0;0;0;2;0;3.636363636
1;ECO;S2M3;M3_400_50%;4;R6;B;3179;21;0;2;0;23;0;41.81818182
1;ECO;S2M3;M3_400_50%;4;R6;A;4150;18;0;1;2;21;0;38.18181818
1;ECO;S2M3;M3_400_50%;4;R6;2A;2207;6;0;2;1;9;0;16.36363636
1;ECO;S2M3;M3_400_50%;4;R6;3A;0;0;0;0;0;0;NA;0
1;ECO;S2M3;M3_400_50%;5;R6;C;1169;11;0;0;0;11;0;18.33333333
1;ECO;S2M3;M3_400_50%;5;R6;B;5166;34;0;3;2;39;0;65
1;ECO;S2M3;M3_400_50%;5;R6;A;1441;8;0;1;0;9;0;15
1;ECO;S2M3;M3_400_50%;5;R6;2A;191;1;0;0;0;1;0;1.666666667
1;ECO;S2M3;M3_400_50%;5;R6;3A;0;0;0;0;0;0;NA;0
1;ECO;S2M3;M3_400_50%;6;R6;C;881;9;0;0;0;9;0;15
1;ECO;S2M3;M3_400_50%;6;R6;B;4220;29;0;2;0;31;0;51.66666667
1;ECO;S2M3;M3_400_50%;6;R6;A;2960;16;0;1;1;18;0;30
1;ECO;S2M3;M3_400_50%;6;R6;2A;375;2;0;0;0;2;0;3.333333333
1;ECO;S2M3;M3_400_50%;6;R6;3A;0;0;0;0;0;0;NA;0
1;ECO;S2M4;M4_200_50%;1;R1;C;0;0;0;0;0;0;NA;0
1;ECO;S2M4;M4_200_50%;1;R1;B;549;4;0;0;0;4;0;6.666666667
1;ECO;S2M4;M4_200_50%;1;R1;A;6300;30;0;4;3;37;0;61.66666667
1;ECO;S2M4;M4_200_50%;1;R1;2A;3251;13;0;2;1;16;0;26.66666667
1;ECO;S2M4;M4_200_50%;1;R1;3A;769;2;0;1;0;3;0;5
1;ECO;S2M4;M4_200_50%;2;R1;C;535;3;0;0;0;3;0;4.918032787
1;ECO;S2M4;M4_200_50%;2;R1;B;4588;28;0;3;3;34;0;55.73770492
1;ECO;S2M4;M4_200_50%;2;R1;A;2919;17;0;0;2;19;0;31.14754098
1;ECO;S2M4;M4_200_50%;2;R1;2A;1002;4;0;1;0;5;0;8.196721311
1;ECO;S2M4;M4_200_50%;2;R1;3A;0;0;0;0;0;0;NA;0
1;ECO;S2M4;M4_200_50%;3;R1;C;208;2;0;0;0;2;0;3.225806452
1;ECO;S2M4;M4_200_50%;3;R1;B;3019;19;0;3;0;22;0;35.48387097
1;ECO;S2M4;M4_200_50%;3;R1;A;5174;28;1;2;0;31;0.032258065;50
1;ECO;S2M4;M4_200_50%;3;R1;2A;1477;5;0;2;0;7;0;11.29032258
1;ECO;S2M4;M4_200_50%;3;R1;3A;0;0;0;0;0;0;NA;0
1;ECO;S2M4;M4_200_50%;4;R6;C;2424;24;0;0;0;24;0;33.8028169
1;ECO;S2M4;M4_200_50%;4;R6;B;3405;21;0;1;3;25;0;35.21126761
1;ECO;S2M4;M4_200_50%;4;R6;A;3370;18;0;2;0;20;0;28.16901408
1;ECO;S2M4;M4_200_50%;4;R6;2A;389;2;0;0;0;2;0;2.816901408
1;ECO;S2M4;M4_200_50%;4;R6;3A;0;0;0;0;0;0;NA;0
1;ECO;S2M4;M4_200_50%;5;R6;C;315;3;0;0;0;3;0;4.6875
1;ECO;S2M4;M4_200_50%;5;R6;B;3027;18;0;4;0;22;0;34.375
1;ECO;S2M4;M4_200_50%;5;R6;A;4570;24;0;4;0;28;0;43.75
1;ECO;S2M4;M4_200_50%;5;R6;2A;2238;10;0;0;1;11;0;17.1875
1;ECO;S2M4;M4_200_50%;5;R6;3A;0;0;0;0;0;0;NA;0
1;ECO;S2M4;M4_200_50%;6;R6;C;0;0;0;0;0;0;NA;0
1;ECO;S2M4;M4_200_50%;6;R6;B;2413;17;0;0;0;17;0;27.86885246
1;ECO;S2M4;M4_200_50%;6;R6;A;5912;26;0;5;4;35;0;57.37704918
1;ECO;S2M4;M4_200_50%;6;R6;2A;1931;6;0;0;3;9;0;14.75409836
1;ECO;S2M4;M4_200_50%;6;R6;3A;0;0;0;0;0;0;NA;0
1;REF;S1M1;M1_400_100%;1;R3;C;0;0;0;0;0;0;NA;0
1;REF;S1M1;M1_400_100%;1;R3;B;456;3;0;0;0;3;0;4.6875
1;REF;S1M1;M1_400_100%;1;R3;A;5362;30;0;2;0;32;0;50
1;REF;S1M1;M1_400_100%;1;R3;2A;5834;22;0;5;0;27;0;42.1875
1;REF;S1M1;M1_400_100%;1;R3;3A;482;2;0;0;0;2;0;3.125
1;REF;S1M1;M1_400_100%;2;R3;C;0;0;0;0;0;0;NA;0
1;REF;S1M1;M1_400_100%;2;R3;B;0;0;0;0;0;0;NA;0
1;REF;S1M1;M1_400_100%;2;R3;A;6462;34;0;2;0;36;0;52.17391304
1;REF;S1M1;M1_400_100%;2;R3;2A;6944;30;0;2;1;33;0;47.82608696
1;REF;S1M1;M1_400_100%;2;R3;3A;0;0;0;0;0;0;NA;0
1;REF;S1M1;M1_400_100%;3;R4;C;0;0;0;0;0;0;NA;0
1;REF;S1M1;M1_400_100%;3;R4;B;0;0;0;0;0;0;NA;0
1;REF;S1M1;M1_400_100%;3;R4;A;5661;22;0;8;2;32;0;50.79365079
1;REF;S1M1;M1_400_100%;3;R4;2A;6941;27;0;3;1;31;0;49.20634921
1;REF;S1M1;M1_400_100%;3;R4;3A;0;0;0;0;0;0;NA;0
1;REF;S1M1;M1_400_100%;4;R4;C;0;0;0;0;0;0;NA;0
1;REF;S1M1;M1_400_100%;4;R4;B;1718;7;0;0;6;13;0;23.21428571
1;REF;S1M1;M1_400_100%;4;R4;A;4583;25;0;0;0;25;0;44.64285714
1;REF;S1M1;M1_400_100%;4;R4;2A;2800;12;0;2;1;15;0;26.78571429
1;REF;S1M1;M1_400_100%;4;R4;3A;775;2;0;1;0;3;0;5.357142857
1;REF;S1M1;M1_400_100%;5;R5;C;0;0;0;0;0;0;NA;0
1;REF;S1M1;M1_400_100%;5;R5;B;398;3;0;0;0;3;0;4.411764706
1;REF;S1M1;M1_400_100%;5;R5;A;4422;23;0;3;0;26;0;38.23529412
1;REF;S1M1;M1_400_100%;5;R5;2A;6982;26;0;5;2;33;0;48.52941176
1;REF;S1M1;M1_400_100%;5;R5;3A;1536;5;0;1;0;6;0;8.823529412
1;REF;S1M1;M1_400_100%;6;R5;C;0;0;0;0;0;0;NA;0
1;REF;S1M1;M1_400_100%;6;R5;B;0;0;0;0;0;0;NA;0
1;REF;S1M1;M1_400_100%;6;R5;A;1443;6;0;0;2;8;0;13.33333333
1;REF;S1M1;M1_400_100%;6;R5;2A;10425;42;0;0;5;47;0;78.33333333
1;REF;S1M1;M1_400_100%;6;R5;3A;1402;4;0;0;1;5;0;8.333333333
1;REF;S1M2;M2_200_100%;1;R3;C;0;0;0;0;0;0;NA;0
1;REF;S1M2;M2_200_100%;1;R3;B;0;0;0;0;0;0;NA;0
1;REF;S1M2;M2_200_100%;1;R3;A;170;1;0;0;0;1;0;1.666666667
1;REF;S1M2;M2_200_100%;1;R3;2A;10572;42;0;6;0;48;0;80
1;REF;S1M2;M2_200_100%;1;R3;3A;2907;8;0;2;1;11;0;18.33333333
1;REF;S1M2;M2_200_100%;2;R3;C;0;0;0;0;0;0;NA;0
1;REF;S1M2;M2_200_100%;2;R3;B;0;0;0;0;0;0;NA;0
1;REF;S1M2;M2_200_100%;2;R3;A;886;5;0;0;0;5;0;8.474576271
1;REF;S1M2;M2_200_100%;2;R3;2A;8504;33;1;1;4;39;0.025641026;66.10169492
1;REF;S1M2;M2_200_100%;2;R3;3A;4070;10;0;2;3;15;0;25.42372881
1;REF;S1M2;M2_200_100%;3;R4;C;0;0;0;0;0;0;NA;0
1;REF;S1M2;M2_200_100%;3;R4;B;0;0;0;0;0;0;NA;0
1;REF;S1M2;M2_200_100%;3;R4;A;0;0;0;0;0;0;NA;0
1;REF;S1M2;M2_200_100%;3;R4;2A;9820;39;0;4;1;44;0;65.67164179
1;REF;S1M2;M2_200_100%;3;R4;3A;6191;17;0;5;1;23;0;34.32835821
1;REF;S1M2;M2_200_100%;4;R4;C;0;0;0;0;0;0;NA;0
1;REF;S1M2;M2_200_100%;4;R4;B;143;0;0;0;1;1;0;1.612903226
1;REF;S1M2;M2_200_100%;4;R4;A;177;1;0;0;0;1;0;1.612903226
1;REF;S1M2;M2_200_100%;4;R4;2A;9774;40;0;2;3;45;0;72.58064516
1;REF;S1M2;M2_200_100%;4;R4;3A;3746;12;0;2;1;15;0;24.19354839
1;REF;S1M2;M2_200_100%;5;R5;C;0;0;0;0;0;0;NA;0
1;REF;S1M2;M2_200_100%;5;R5;B;0;0;0;0;0;0;NA;0
1;REF;S1M2;M2_200_100%;5;R5;A;1123;3;0;2;1;6;0;9.375
1;REF;S1M2;M2_200_100%;5;R5;2A;9594;35;0;4;3;42;0;65.625
1;REF;S1M2;M2_200_100%;5;R5;3A;4319;13;0;2;1;16;0;25
1;REF;S1M2;M2_200_100%;6;R5;C;0;0;0;0;0;0;NA;0
1;REF;S1M2;M2_200_100%;6;R5;B;104;1;0;0;0;1;0;1.612903226
1;REF;S1M2;M2_200_100%;6;R5;A;1110;6;0;0;0;6;0;9.677419355
1;REF;S1M2;M2_200_100%;6;R5;2A;10304;41;0;4;3;48;0;77.41935484
1;REF;S1M2;M2_200_100%;6;R5;3A;1799;6;0;1;0;7;0;11.29032258
1;REF;S1M3;M3_400_50%;1;R2;C;0;0;0;0;0;0;NA;0
1;REF;S1M3;M3_400_50%;1;R2;B;2972;21;0;0;0;21;0;34.42622951
1;REF;S1M3;M3_400_50%;1;R2;A;5741;32;0;3;0;35;0;57.37704918
1;REF;S1M3;M3_400_50%;1;R2;2A;920;5;0;0;0;5;0;8.196721311
1;REF;S1M3;M3_400_50%;1;R2;3A;0;0;0;0;0;0;NA;0
1;REF;S1M3;M3_400_50%;2;R2;C;0;0;0;0;0;0;NA;0
1;REF;S1M3;M3_400_50%;2;R2;B;1303;8;0;0;1;9;0;14.75409836
1;REF;S1M3;M3_400_50%;2;R2;A;6671;33;0;5;1;39;0;63.93442623
1;REF;S1M3;M3_400_50%;2;R2;2A;2476;11;0;1;0;12;0;19.67213115
1;REF;S1M3;M3_400_50%;2;R2;3A;250;1;0;0;0;1;0;1.639344262
1;REF;S1M3;M3_400_50%;3;R2;C;0;0;0;0;0;0;NA;0
1;REF;S1M3;M3_400_50%;3;R2;B;4103;26;0;2;1;29;0;48.33333333
1;REF;S1M3;M3_400_50%;3;R2;A;4095;18;0;4;2;24;0;40
1;REF;S1M3;M3_400_50%;3;R2;2A;1168;6;0;0;0;6;0;10
1;REF;S1M3;M3_400_50%;3;R2;3A;242;0;0;1;0;1;0;1.666666667
1;REF;S1M3;M3_400_50%;4;R6;C;0;0;0;0;0;0;NA;0
1;REF;S1M3;M3_400_50%;4;R6;B;0;0;0;0;0;0;NA;0
1;REF;S1M3;M3_400_50%;4;R6;A;4462;24;0;0;1;25;0;40.98360656
1;REF;S1M3;M3_400_50%;4;R6;2A;6624;25;0;5;1;31;0;50.81967213
1;REF;S1M3;M3_400_50%;4;R6;3A;1280;3;0;0;2;5;0;8.196721311
1;REF;S1M3;M3_400_50%;5;R6;C;0;0;0;0;0;0;NA;0
1;REF;S1M3;M3_400_50%;5;R6;B;1151;7;0;1;0;8;0;13.33333333
1;REF;S1M3;M3_400_50%;5;R6;A;5716;27;0;3;2;32;0;53.33333333
1;REF;S1M3;M3_400_50%;5;R6;2A;3879;13;0;4;2;19;0;31.66666667
1;REF;S1M3;M3_400_50%;5;R6;3A;240;1;0;0;0;1;0;1.666666667
1;REF;S1M3;M3_400_50%;6;R6;C;0;0;0;0;0;0;NA;0
1;REF;S1M3;M3_400_50%;6;R6;B;3212;23;0;0;1;24;0;40.6779661
1;REF;S1M3;M3_400_50%;6;R6;A;5307;32;0;0;0;32;0;54.23728814
1;REF;S1M3;M3_400_50%;6;R6;2A;568;3;0;0;0;3;0;5.084745763
1;REF;S1M3;M3_400_50%;6;R6;3A;0;0;0;0;0;0;NA;0
1;REF;S1M4;M4_200_50%;1;R2;C;0;0;0;0;0;0;NA;0
1;REF;S1M4;M4_200_50%;1;R2;B;448;3;0;0;0;3;0;5
1;REF;S1M4;M4_200_50%;1;R2;A;7895;41;0;3;0;44;0;73.33333333
1;REF;S1M4;M4_200_50%;1;R2;2A;2728;12;0;1;0;13;0;21.66666667
1;REF;S1M4;M4_200_50%;1;R2;3A;0;0;0;0;0;0;NA;0
1;REF;S1M4;M4_200_50%;2;R2;C;0;0;0;0;0;0;NA;0
1;REF;S1M4;M4_200_50%;2;R2;B;1110;8;0;0;0;8;0;12.6984127
1;REF;S1M4;M4_200_50%;2;R2;A;5946;32;0;2;1;35;0;55.55555556
1;REF;S1M4;M4_200_50%;2;R2;2A;4024;12;0;7;1;20;0;31.74603175
1;REF;S1M4;M4_200_50%;2;R2;3A;0;0;0;0;0;0;NA;0
1;REF;S1M4;M4_200_50%;3;R2;C;0;0;0;0;0;0;NA;0
1;REF;S1M4;M4_200_50%;3;R2;B;1584;8;0;1;2;11;0;18.33333333
1;REF;S1M4;M4_200_50%;3;R2;A;5903;28;0;4;2;34;0;56.66666667
1;REF;S1M4;M4_200_50%;3;R2;2A;2829;13;0;1;0;14;0;23.33333333
1;REF;S1M4;M4_200_50%;3;R2;3A;219;1;0;0;0;1;0;1.666666667
1;REF;S1M4;M4_200_50%;4;R6;C;0;0;0;0;0;0;NA;0
1;REF;S1M4;M4_200_50%;4;R6;B;0;0;0;0;0;0;NA;0
1;REF;S1M4;M4_200_50%;4;R6;A;1395;6;0;0;2;8;0;12.12121212
1;REF;S1M4;M4_200_50%;4;R6;2A;7954;33;1;0;2;36;0.027777778;54.54545455
1;REF;S1M4;M4_200_50%;4;R6;3A;5660;19;0;1;2;22;0;33.33333333
1;REF;S1M4;M4_200_50%;5;R6;C;0;0;0;0;0;0;NA;0
1;REF;S1M4;M4_200_50%;5;R6;B;1013;4;0;1;2;7;0;11.86440678
1;REF;S1M4;M4_200_50%;5;R6;A;4684;24;0;0;3;27;0;45.76271186
1;REF;S1M4;M4_200_50%;5;R6;2A;4572;18;0;1;2;21;0;35.59322034
1;REF;S1M4;M4_200_50%;5;R6;3A;1143;3;0;1;0;4;0;6.779661017
1;REF;S1M4;M4_200_50%;6;R6;C;0;0;0;0;0;0;NA;0
1;REF;S1M4;M4_200_50%;6;R6;B;994;6;0;1;0;7;0;11.47540984
1;REF;S1M4;M4_200_50%;6;R6;A;6197;33;0;1;2;36;0;59.01639344
1;REF;S1M4;M4_200_50%;6;R6;2A;3778;16;0;0;2;18;0;29.50819672
1;REF;S1M4;M4_200_50%;6;R6;3A;0;0;0;0;0;0;NA;0
2;ECO;S2M1;M1_400_100%;1;R2;C;111;1;0;0;0;1;0;1.25
2;ECO;S2M1;M1_400_100%;1;R2;B;1071;7;0;1;0;8;0;10
2;ECO;S2M1;M1_400_100%;1;R2;A;6763;31;0;4;3;38;0;47.5
2;ECO;S2M1;M1_400_100%;1;R2;2A;5688;22;0;2;3;27;0;33.75
2;ECO;S2M1;M1_400_100%;1;R2;3A;1527;4;0;2;0;6;0;7.5
2;ECO;S2M1;M1_400_100%;2;R2;C;2185;21;0;0;0;21;0;19.81132075
2;ECO;S2M1;M1_400_100%;2;R2;B;7494;48;0;7;1;56;0;52.83018868
2;ECO;S2M1;M1_400_100%;2;R2;A;4033;24;0;0;0;24;0;22.64150943
2;ECO;S2M1;M1_400_100%;2;R2;2A;997;3;0;1;1;5;0;4.716981132
2;ECO;S2M1;M1_400_100%;2;R2;3A;0;0;0;0;0;0;NA;0
2;ECO;S2M1;M1_400_100%;3;R3;C;1647;16;0;0;0;16;0;14.81481481
2;ECO;S2M1;M1_400_100%;3;R3;B;6750;42;0;5;4;51;0;47.22222222
2;ECO;S2M1;M1_400_100%;3;R3;A;6325;33;0;4;1;38;0;35.18518519
2;ECO;S2M1;M1_400_100%;3;R3;2A;627;3;0;0;0;3;0;2.777777778
2;ECO;S2M1;M1_400_100%;3;R3;3A;0;0;0;0;0;0;NA;0
2;ECO;S2M1;M1_400_100%;4;R3;C;0;0;0;0;0;0;NA;0
2;ECO;S2M1;M1_400_100%;4;R3;B;970;5;0;2;0;7;0;9.210526316
2;ECO;S2M1;M1_400_100%;4;R3;A;3838;20;0;1;1;22;0;28.94736842
2;ECO;S2M1;M1_400_100%;4;R3;2A;8109;36;0;1;2;39;0;51.31578947
2;ECO;S2M1;M1_400_100%;4;R3;3A;2034;7;0;1;0;8;0;10.52631579
2;ECO;S2M1;M1_400_100%;5;R5;C;0;0;0;0;0;0;NA;0
2;ECO;S2M1;M1_400_100%;5;R5;B;730;5;0;0;0;5;0;6.493506494
2;ECO;S2M1;M1_400_100%;5;R5;A;7321;36;0;3;2;41;0;53.24675325
2;ECO;S2M1;M1_400_100%;5;R5;2A;6052;26;0;3;1;30;0;38.96103896
2;ECO;S2M1;M1_400_100%;5;R5;3A;261;1;0;0;0;1;0;1.298701299
2;ECO;S2M1;M1_400_100%;6;R5;C;0;0;0;0;0;0;NA;0
2;ECO;S2M1;M1_400_100%;6;R5;B;556;1;0;1;2;4;0;5.555555556
2;ECO;S2M1;M1_400_100%;6;R5;A;4017;20;0;0;3;23;0;31.94444444
2;ECO;S2M1;M1_400_100%;6;R5;2A;6780;28;0;3;2;33;0;45.83333333
2;ECO;S2M1;M1_400_100%;6;R5;3A;3056;9;0;3;0;12;0;16.66666667
2;ECO;S2M2;M2_200_100%;1;R2;C;0;0;0;0;0;0;NA;0
2;ECO;S2M2;M2_200_100%;1;R2;B;1181;7;0;0;2;9;0;11.25
2;ECO;S2M2;M2_200_100%;1;R2;A;5049;25;0;4;1;30;0;37.5
2;ECO;S2M2;M2_200_100%;1;R2;2A;7165;28;0;4;2;34;0;42.5
2;ECO;S2M2;M2_200_100%;1;R2;3A;1839;5;0;1;1;7;0;8.75
2;ECO;S2M2;M2_200_100%;2;R2;C;0;0;0;0;0;0;NA;0
2;ECO;S2M2;M2_200_100%;2;R2;B;443;2;0;1;0;3;0;4.47761194
2;ECO;S2M2;M2_200_100%;2;R2;A;4332;24;0;1;0;25;0;37.31343284
2;ECO;S2M2;M2_200_100%;2;R2;2A;4433;14;0;0;6;20;0;29.85074627
2;ECO;S2M2;M2_200_100%;2;R2;3A;4946;16;0;0;3;19;0;28.35820896
2;ECO;S2M2;M2_200_100%;3;R3;C;0;0;0;0;0;0;NA;0
2;ECO;S2M2;M2_200_100%;3;R3;B;0;0;0;0;0;0;NA;0
2;ECO;S2M2;M2_200_100%;3;R3;A;2669;12;0;2;1;15;0;22.3880597
2;ECO;S2M2;M2_200_100%;3;R3;2A;9411;39;0;4;3;46;0;68.65671642
2;ECO;S2M2;M2_200_100%;3;R3;3A;1487;4;0;2;0;6;0;8.955223881
2;ECO;S2M2;M2_200_100%;4;R3;C;103;1;0;0;0;1;0;1.234567901
2;ECO;S2M2;M2_200_100%;4;R3;B;995;7;0;0;0;7;0;8.641975309
2;ECO;S2M2;M2_200_100%;4;R3;A;4874;25;0;3;1;29;0;35.80246914
2;ECO;S2M2;M2_200_100%;4;R3;2A;7765;32;0;4;1;37;0;45.67901235
2;ECO;S2M2;M2_200_100%;4;R3;3A;1802;5;0;1;1;7;0;8.641975309
2;ECO;S2M2;M2_200_100%;5;R5;C;0;0;0;0;0;0;NA;0
2;ECO;S2M2;M2_200_100%;5;R5;B;2572;11;0;7;1;19;0;22.09302326
2;ECO;S2M2;M2_200_100%;5;R5;A;6295;31;0;6;0;37;0;43.02325581
2;ECO;S2M2;M2_200_100%;5;R5;2A;4887;13;1;7;4;25;0.04;29.06976744
2;ECO;S2M2;M2_200_100%;5;R5;3A;1252;2;0;3;0;5;0;5.813953488
2;ECO;S2M2;M2_200_100%;6;R5;C;398;4;0;0;0;4;0;5.063291139
2;ECO;S2M2;M2_200_100%;6;R5;B;1459;11;0;0;0;11;0;13.92405063
2;ECO;S2M2;M2_200_100%;6;R5;A;4634;23;0;1;1;25;0;31.64556962
2;ECO;S2M2;M2_200_100%;6;R5;2A;7091;27;0;3;3;33;0;41.7721519
2;ECO;S2M2;M2_200_100%;6;R5;3A;1632;4;0;0;2;6;0;7.594936709
2;ECO;S2M3;M3_400_50%;1;R1;C;2488;19;0;5;0;24;0;23.30097087
2;ECO;S2M3;M3_400_50%;1;R1;B;5915;33;0;9;1;43;0;41.74757282
2;ECO;S2M3;M3_400_50%;1;R1;A;5420;25;1;5;1;32;0.03125;31.06796117
2;ECO;S2M3;M3_400_50%;1;R1;2A;904;3;0;1;0;4;0;3.883495146
2;ECO;S2M3;M3_400_50%;1;R1;3A;0;0;0;0;0;0;NA;0
2;ECO;S2M3;M3_400_50%;2;R1;C;6559;57;1;2;6;66;0.015151515;55.93220339
2;ECO;S2M3;M3_400_50%;2;R1;B;6000;42;0;3;1;46;0;38.98305085
2;ECO;S2M3;M3_400_50%;2;R1;A;978;6;0;0;0;6;0;5.084745763
2;ECO;S2M3;M3_400_50%;2;R1;2A;0;0;0;0;0;0;NA;0
2;ECO;S2M3;M3_400_50%;2;R1;3A;0;0;0;0;0;0;NA;0
2;ECO;S2M3;M3_400_50%;3;R1;C;1320;9;0;2;1;12;0;11.88118812
2;ECO;S2M3;M3_400_50%;3;R1;B;7224;40;0;7;5;52;0;51.48514851
2;ECO;S2M3;M3_400_50%;3;R1;A;5124;23;0;7;2;32;0;31.68316832
2;ECO;S2M3;M3_400_50%;3;R1;2A;1005;4;0;0;1;5;0;4.95049505
2;ECO;S2M3;M3_400_50%;3;R1;3A;0;0;0;0;0;0;NA;0
2;ECO;S2M3;M3_400_50%;4;R6;C;1483;11;0;3;0;14;0;14.14141414
2;ECO;S2M3;M3_400_50%;4;R6;B;6156;37;0;3;7;47;0;47.47474747
2;ECO;S2M3;M3_400_50%;4;R6;A;5371;25;1;4;3;33;0.03030303;33.33333333
2;ECO;S2M3;M3_400_50%;4;R6;2A;960;5;0;0;0;5;0;5.050505051
2;ECO;S2M3;M3_400_50%;4;R6;3A;0;0;0;0;0;0;NA;0
2;ECO;S2M3;M3_400_50%;5;R6;C;3136;26;2;3;0;31;0.064516129;36.9047619
2;ECO;S2M3;M3_400_50%;5;R6;B;5518;34;0;7;2;43;0;51.19047619
2;ECO;S2M3;M3_400_50%;5;R6;A;1598;8;0;1;1;10;0;11.9047619
2;ECO;S2M3;M3_400_50%;5;R6;2A;0;0;0;0;0;0;NA;0
2;ECO;S2M3;M3_400_50%;5;R6;3A;0;0;0;0;0;0;NA;0
2;ECO;S2M3;M3_400_50%;6;R6;C;2913;23;0;1;3;27;0;29.03225806
2;ECO;S2M3;M3_400_50%;6;R6;B;5852;40;0;3;2;45;0;48.38709677
2;ECO;S2M3;M3_400_50%;6;R6;A;2975;12;0;4;2;18;0;19.35483871
2;ECO;S2M3;M3_400_50%;6;R6;2A;577;2;0;1;0;3;0;3.225806452
2;ECO;S2M3;M3_400_50%;6;R6;3A;0;0;0;0;0;0;NA;0
2;ECO;S2M4;M4_200_50%;1;R1;C;110;1;0;0;0;1;0;1.333333333
2;ECO;S2M4;M4_200_50%;1;R1;B;3078;20;0;3;0;23;0;30.66666667
2;ECO;S2M4;M4_200_50%;1;R1;A;6948;33;0;5;0;38;0;50.66666667
2;ECO;S2M4;M4_200_50%;1;R1;2A;2847;6;1;5;1;13;0.076923077;17.33333333
2;ECO;S2M4;M4_200_50%;1;R1;3A;0;0;0;0;0;0;NA;0
2;ECO;S2M4;M4_200_50%;2;R1;C;1650;12;0;1;2;15;0;18.29268293
2;ECO;S2M4;M4_200_50%;2;R1;B;6787;48;0;2;4;54;0;65.85365854
2;ECO;S2M4;M4_200_50%;2;R1;A;2093;11;0;1;1;13;0;15.85365854
2;ECO;S2M4;M4_200_50%;2;R1;2A;0;0;0;0;0;0;NA;0
2;ECO;S2M4;M4_200_50%;2;R1;3A;0;0;0;0;0;0;NA;0
2;ECO;S2M4;M4_200_50%;3;R1;C;441;2;0;2;0;4;0;4.87804878
2;ECO;S2M4;M4_200_50%;3;R1;B;6059;34;0;8;2;44;0;53.65853659
2;ECO;S2M4;M4_200_50%;3;R1;A;4867;19;2;8;0;29;0.068965517;35.36585366
2;ECO;S2M4;M4_200_50%;3;R1;2A;980;4;0;1;0;5;0;6.097560976
2;ECO;S2M4;M4_200_50%;3;R1;3A;0;0;0;0;0;0;NA;0
2;ECO;S2M4;M4_200_50%;4;R6;C;2037;18;0;2;1;21;0;25.6097561
2;ECO;S2M4;M4_200_50%;4;R6;B;4772;31;0;4;2;37;0;45.12195122
2;ECO;S2M4;M4_200_50%;4;R6;A;3805;23;0;0;0;23;0;28.04878049
2;ECO;S2M4;M4_200_50%;4;R6;2A;194;1;0;0;0;1;0;1.219512195
2;ECO;S2M4;M4_200_50%;4;R6;3A;0;0;0;0;0;0;NA;0
2;ECO;S2M4;M4_200_50%;5;R6;C;99;1;0;0;0;1;0;1.351351351
2;ECO;S2M4;M4_200_50%;5;R6;B;4641;26;2;3;4;35;0.057142857;47.2972973
2;ECO;S2M4;M4_200_50%;5;R6;A;5286;25;0;5;2;32;0;43.24324324
2;ECO;S2M4;M4_200_50%;5;R6;2A;1283;5;0;1;0;6;0;8.108108108
2;ECO;S2M4;M4_200_50%;5;R6;3A;0;0;0;0;0;0;NA;0
2;ECO;S2M4;M4_200_50%;6;R6;C;111;1;0;0;0;1;0;1.234567901
2;ECO;S2M4;M4_200_50%;6;R6;B;6213;43;0;1;3;47;0;58.02469136
2;ECO;S2M4;M4_200_50%;6;R6;A;4721;22;0;4;3;29;0;35.80246914
2;ECO;S2M4;M4_200_50%;6;R6;2A;794;4;0;0;0;4;0;4.938271605
2;ECO;S2M4;M4_200_50%;6;R6;3A;0;0;0;0;0;0;NA;0
2;REF;S1M1;M1_400_100%;1;R3;C;0;0;0;0;0;0;NA;0
2;REF;S1M1;M1_400_100%;1;R3;B;1123;5;0;3;0;8;0;8.988764045
2;REF;S1M1;M1_400_100%;1;R3;A;6392;27;0;5;4;36;0;40.4494382
2;REF;S1M1;M1_400_100%;1;R3;2A;9260;35;0;8;0;43;0;48.31460674
2;REF;S1M1;M1_400_100%;1;R3;3A;512;2;0;0;0;2;0;2.247191011
2;REF;S1M1;M1_400_100%;2;R3;C;0;0;0;0;0;0;NA;0
2;REF;S1M1;M1_400_100%;2;R3;B;0;0;0;0;0;0;NA;0
2;REF;S1M1;M1_400_100%;2;R3;A;6147;37;0;0;0;37;0;48.68421053
2;REF;S1M1;M1_400_100%;2;R3;2A;7934;35;0;1;3;39;0;51.31578947
2;REF;S1M1;M1_400_100%;2;R3;3A;0;0;0;0;0;0;NA;0
2;REF;S1M1;M1_400_100%;3;R4;C;1036;10;0;0;0;10;0;10.86956522
2;REF;S1M1;M1_400_100%;3;R4;B;2467;17;0;0;1;18;0;19.56521739
2;REF;S1M1;M1_400_100%;3;R4;A;7919;44;0;0;3;47;0;51.08695652
2;REF;S1M1;M1_400_100%;3;R4;2A;3398;16;0;1;0;17;0;18.47826087
2;REF;S1M1;M1_400_100%;3;R4;3A;0;0;0;0;0;0;NA;0
2;REF;S1M1;M1_400_100%;4;R4;C;2311;22;0;0;0;22;0;19.46902655
2;REF;S1M1;M1_400_100%;4;R4;B;6129;46;0;2;1;49;0;43.36283186
2;REF;S1M1;M1_400_100%;4;R4;A;5674;29;0;4;2;35;0;30.97345133
2;REF;S1M1;M1_400_100%;4;R4;2A;1417;5;0;2;0;7;0;6.194690265
2;REF;S1M1;M1_400_100%;4;R4;3A;0;0;0;0;0;0;NA;0
2;REF;S1M1;M1_400_100%;5;R5;C;113;1;0;0;0;1;0;1.204819277
2;REF;S1M1;M1_400_100%;5;R5;B;2534;17;0;1;0;18;0;21.68674699
2;REF;S1M1;M1_400_100%;5;R5;A;7827;44;0;3;0;47;0;56.62650602
2;REF;S1M1;M1_400_100%;5;R5;2A;3334;11;0;6;0;17;0;20.48192771
2;REF;S1M1;M1_400_100%;5;R5;3A;0;0;0;0;0;0;NA;0
2;REF;S1M1;M1_400_100%;6;R5;C;218;2;0;0;0;2;0;2.150537634
2;REF;S1M1;M1_400_100%;6;R5;B;2071;13;0;0;2;15;0;16.12903226
2;REF;S1M1;M1_400_100%;6;R5;A;6882;40;0;1;2;43;0;46.23655914
2;REF;S1M1;M1_400_100%;6;R5;2A;5743;22;0;3;3;28;0;30.10752688
2;REF;S1M1;M1_400_100%;6;R5;3A;1275;5;0;0;0;5;0;5.376344086
2;REF;S1M2;M2_200_100%;1;R3;C;0;0;0;0;0;0;NA;0
2;REF;S1M2;M2_200_100%;1;R3;B;552;4;0;0;0;4;0;4.819277108
2;REF;S1M2;M2_200_100%;1;R3;A;3832;20;0;0;2;22;0;26.5060241
2;REF;S1M2;M2_200_100%;1;R3;2A;11033;49;0;3;0;52;0;62.65060241
2;REF;S1M2;M2_200_100%;1;R3;3A;1255;2;0;3;0;5;0;6.024096386
2;REF;S1M2;M2_200_100%;2;R3;C;0;0;0;0;0;0;NA;0
2;REF;S1M2;M2_200_100%;2;R3;B;153;1;0;0;0;1;0;1.204819277
2;REF;S1M2;M2_200_100%;2;R3;A;2944;14;0;0;3;17;0;20.48192771
2;REF;S1M2;M2_200_100%;2;R3;2A;11053;47;0;4;2;53;0;63.85542169
2;REF;S1M2;M2_200_100%;2;R3;3A;3107;11;0;1;0;12;0;14.45783133
2;REF;S1M2;M2_200_100%;3;R4;C;0;0;0;0;0;0;NA;0
2;REF;S1M2;M2_200_100%;3;R4;B;156;1;0;0;0;1;0;1.234567901
2;REF;S1M2;M2_200_100%;3;R4;A;4353;24;0;1;1;26;0;32.09876543
2;REF;S1M2;M2_200_100%;3;R4;2A;9701;40;0;3;3;46;0;56.79012346
2;REF;S1M2;M2_200_100%;3;R4;3A;1968;7;0;1;0;8;0;9.87654321
2;REF;S1M2;M2_200_100%;4;R4;C;0;0;0;0;0;0;NA;0
2;REF;S1M2;M2_200_100%;4;R4;B;0;0;0;0;0;0;NA;0
2;REF;S1M2;M2_200_100%;4;R4;A;3637;18;0;3;0;21;0;28.37837838
2;REF;S1M2;M2_200_100%;4;R4;2A;10450;46;0;2;2;50;0;67.56756757
2;REF;S1M2;M2_200_100%;4;R4;3A;758;3;0;0;0;3;0;4.054054054
2;REF;S1M2;M2_200_100%;5;R5;C;0;0;0;0;0;0;NA;0
2;REF;S1M2;M2_200_100%;5;R5;B;127;0;0;0;1;1;0;1.785714286
2;REF;S1M2;M2_200_100%;5;R5;A;1794;9;0;0;1;10;0;17.85714286
2;REF;S1M2;M2_200_100%;5;R5;2A;5478;24;0;0;2;26;0;46.42857143
2;REF;S1M2;M2_200_100%;5;R5;3A;5103;15;0;2;2;19;0;33.92857143
2;REF;S1M2;M2_200_100%;6;R5;C;0;0;0;0;0;0;NA;0
2;REF;S1M2;M2_200_100%;6;R5;B;562;4;0;0;0;4;0;4.347826087
2;REF;S1M2;M2_200_100%;6;R5;A;5361;32;0;0;0;32;0;34.7826087
2;REF;S1M2;M2_200_100%;6;R5;2A;10909;49;0;0;3;52;0;56.52173913
2;REF;S1M2;M2_200_100%;6;R5;3A;1025;4;0;0;0;4;0;4.347826087
2;REF;S1M3;M3_400_50%;1;R2;C;1586;15;0;0;0;15;0;13.51351351
2;REF;S1M3;M3_400_50%;1;R2;B;8157;58;0;0;3;61;0;54.95495495
2;REF;S1M3;M3_400_50%;1;R2;A;5660;29;0;3;0;32;0;28.82882883
2;REF;S1M3;M3_400_50%;1;R2;2A;608;3;0;0;0;3;0;2.702702703
2;REF;S1M3;M3_400_50%;1;R2;3A;0;0;0;0;0;0;NA;0
2;REF;S1M3;M3_400_50%;2;R2;C;334;2;1;0;0;3;0.333333333;2.912621359
2;REF;S1M3;M3_400_50%;2;R2;B;5042;32;0;4;2;38;0;36.89320388
2;REF;S1M3;M3_400_50%;2;R2;A;9578;51;1;4;2;58;0.017241379;56.31067961
2;REF;S1M3;M3_400_50%;2;R2;2A;825;2;0;0;2;4;0;3.883495146
2;REF;S1M3;M3_400_50%;2;R2;3A;0;0;0;0;0;0;NA;0
2;REF;S1M3;M3_400_50%;3;R2;C;6894;68;0;1;0;69;0;53.90625
2;REF;S1M3;M3_400_50%;3;R2;B;5989;45;0;0;1;46;0;35.9375
2;REF;S1M3;M3_400_50%;3;R2;A;1990;10;0;1;1;12;0;9.375
2;REF;S1M3;M3_400_50%;3;R2;2A;196;0;0;1;0;1;0;0.78125
2;REF;S1M3;M3_400_50%;3;R2;3A;0;0;0;0;0;0;NA;0
2;REF;S1M3;M3_400_50%;4;R6;C;210;1;0;0;1;2;0;2.173913043
2;REF;S1M3;M3_400_50%;4;R6;B;1840;11;0;2;1;14;0;15.2173913
2;REF;S1M3;M3_400_50%;4;R6;A;8520;44;0;3;4;51;0;55.43478261
2;REF;S1M3;M3_400_50%;4;R6;2A;5099;22;0;0;3;25;0;27.17391304
2;REF;S1M3;M3_400_50%;4;R6;3A;0;0;0;0;0;0;NA;0
2;REF;S1M3;M3_400_50%;5;R6;C;757;6;0;0;1;7;0;8.75
2;REF;S1M3;M3_400_50%;5;R6;B;7095;44;0;5;3;52;0;65
2;REF;S1M3;M3_400_50%;5;R6;A;2899;16;0;0;1;17;0;21.25
2;REF;S1M3;M3_400_50%;5;R6;2A;860;2;0;0;2;4;0;5
2;REF;S1M3;M3_400_50%;5;R6;3A;0;0;0;0;0;0;NA;0
2;REF;S1M3;M3_400_50%;6;R6;C;2487;21;0;1;1;23;0;25
2;REF;S1M3;M3_400_50%;6;R6;B;6345;44;2;0;1;47;0.042553191;51.08695652
2;REF;S1M3;M3_400_50%;6;R6;A;3442;19;0;0;2;21;0;22.82608696
2;REF;S1M3;M3_400_50%;6;R6;2A;208;1;0;0;0;1;0;1.086956522
2;REF;S1M3;M3_400_50%;6;R6;3A;0;0;0;0;0;0;NA;0
2;REF;S1M4;M4_200_50%;1;R2;C;0;0;0;0;0;0;NA;0
2;REF;S1M4;M4_200_50%;1;R2;B;2415;13;0;0;4;17;0;19.31818182
2;REF;S1M4;M4_200_50%;1;R2;A;9282;51;0;3;1;55;0;62.5
2;REF;S1M4;M4_200_50%;1;R2;2A;3381;14;0;0;1;15;0;17.04545455
2;REF;S1M4;M4_200_50%;1;R2;3A;242;1;0;0;0;1;0;1.136363636
2;REF;S1M4;M4_200_50%;2;R2;C;218;2;0;0;0;2;0;2.083333333
2;REF;S1M4;M4_200_50%;2;R2;B;3835;26;0;1;2;29;0;30.20833333
2;REF;S1M4;M4_200_50%;2;R2;A;9429;45;0;9;1;55;0;57.29166667
2;REF;S1M4;M4_200_50%;2;R2;2A;2087;8;0;1;1;10;0;10.41666667
2;REF;S1M4;M4_200_50%;2;R2;3A;0;0;0;0;0;0;NA;0
2;REF;S1M4;M4_200_50%;3;R2;C;1776;17;0;0;0;17;0;15.59633028
2;REF;S1M4;M4_200_50%;3;R2;B;6986;52;0;0;1;53;0;48.62385321
2;REF;S1M4;M4_200_50%;3;R2;A;5739;33;0;0;2;35;0;32.11009174
2;REF;S1M4;M4_200_50%;3;R2;2A;819;4;0;0;0;4;0;3.669724771
2;REF;S1M4;M4_200_50%;3;R2;3A;0;0;0;0;0;0;NA;0
2;REF;S1M4;M4_200_50%;4;R6;C;108;1;0;0;0;1;0;1.408450704
2;REF;S1M4;M4_200_50%;4;R6;B;1262;8;0;1;0;9;0;12.67605634
2;REF;S1M4;M4_200_50%;4;R6;A;3547;17;0;1;3;21;0;29.57746479
2;REF;S1M4;M4_200_50%;4;R6;2A;4485;17;0;2;2;21;0;29.57746479
2;REF;S1M4;M4_200_50%;4;R6;3A;5104;16;0;0;3;19;0;26.76056338
2;REF;S1M4;M4_200_50%;5;R6;C;336;3;0;0;0;3;0;4.225352113
2;REF;S1M4;M4_200_50%;5;R6;B;2988;22;0;0;0;22;0;30.98591549
2;REF;S1M4;M4_200_50%;5;R6;A;5552;29;0;0;4;33;0;46.47887324
2;REF;S1M4;M4_200_50%;5;R6;2A;2415;9;0;1;2;12;0;16.90140845
2;REF;S1M4;M4_200_50%;5;R6;3A;260;1;0;0;0;1;0;1.408450704
2;REF;S1M4;M4_200_50%;6;R6;C;2158;21;0;0;0;21;0;24.13793103
2;REF;S1M4;M4_200_50%;6;R6;B;3940;26;0;1;3;30;0;34.48275862
2;REF;S1M4;M4_200_50%;6;R6;A;5192;26;0;1;4;31;0;35.63218391
2;REF;S1M4;M4_200_50%;6;R6;2A;1020;5;0;0;0;5;0;5.747126437
2;REF;S1M4;M4_200_50%;6;R6;3A;0;0;0;0;0;0;NA;0
3;ECO;S2M1;M1_400_100%;1;R2;C;492;4;1;0;0;5;0.2;5.681818182
3;ECO;S2M1;M1_400_100%;1;R2;B;3915;24;2;0;3;29;0.068965517;32.95454545
3;ECO;S2M1;M1_400_100%;1;R2;A;6070;33;0;2;1;36;0;40.90909091
3;ECO;S2M1;M1_400_100%;1;R2;2A;3446;13;1;2;1;17;0.058823529;19.31818182
3;ECO;S2M1;M1_400_100%;1;R2;3A;239;1;0;0;0;1;0;1.136363636
3;ECO;S2M1;M1_400_100%;2;R2;C;1975;20;0;0;2;22;0;22.68041237
3;ECO;S2M1;M1_400_100%;2;R2;B;4490;28;1;4;1;34;0.029411765;35.05154639
3;ECO;S2M1;M1_400_100%;2;R2;A;4957;26;0;4;0;30;0;30.92783505
3;ECO;S2M1;M1_400_100%;2;R2;2A;1926;6;0;4;0;10;0;10.30927835
3;ECO;S2M1;M1_400_100%;2;R2;3A;230;0;0;1;0;1;0;1.030927835
3;ECO;S2M1;M1_400_100%;3;R3;C;2155;19;0;3;1;23;0;19.65811966
3;ECO;S2M1;M1_400_100%;3;R3;B;5355;38;0;3;1;42;0;35.8974359
3;ECO;S2M1;M1_400_100%;3;R3;A;7942;40;0;5;3;48;0;41.02564103
3;ECO;S2M1;M1_400_100%;3;R3;2A;764;4;0;0;0;4;0;3.418803419
3;ECO;S2M1;M1_400_100%;3;R3;3A;0;0;0;0;0;0;NA;0
3;ECO;S2M1;M1_400_100%;4;R3;C;315;2;0;1;0;3;0;3.947368421
3;ECO;S2M1;M1_400_100%;4;R3;B;1594;11;0;1;0;12;0;15.78947368
3;ECO;S2M1;M1_400_100%;4;R3;A;3713;18;0;4;0;22;0;28.94736842
3;ECO;S2M1;M1_400_100%;4;R3;2A;5971;20;2;4;2;28;0.071428571;36.84210526
3;ECO;S2M1;M1_400_100%;4;R3;3A;3009;4;2;4;1;11;0.181818182;14.47368421
3;ECO;S2M1;M1_400_100%;5;R5;C;810;8;0;0;0;8;0;9.523809524
3;ECO;S2M1;M1_400_100%;5;R5;B;2482;17;0;1;1;19;0;22.61904762
3;ECO;S2M1;M1_400_100%;5;R5;A;5886;26;0;2;6;34;0;40.47619048
3;ECO;S2M1;M1_400_100%;5;R5;2A;4307;15;1;4;1;21;0.047619048;25
3;ECO;S2M1;M1_400_100%;5;R5;3A;574;1;0;0;1;2;0;2.380952381
3;ECO;S2M1;M1_400_100%;6;R5;C;1073;12;0;1;0;13;0;15.29411765
3;ECO;S2M1;M1_400_100%;6;R5;B;2701;13;0;5;3;21;0;24.70588235
3;ECO;S2M1;M1_400_100%;6;R5;A;4068;16;1;6;1;24;0.041666667;28.23529412
3;ECO;S2M1;M1_400_100%;6;R5;2A;4367;16;0;3;2;21;0;24.70588235
3;ECO;S2M1;M1_400_100%;6;R5;3A;1523;2;0;2;2;6;0;7.058823529
3;ECO;S2M2;M2_200_100%;1;R2;C;337;2;0;1;0;3;0;6
3;ECO;S2M2;M2_200_100%;1;R2;B;791;5;0;0;1;6;0;12
3;ECO;S2M2;M2_200_100%;1;R2;A;2077;8;0;3;1;12;0;24
3;ECO;S2M2;M2_200_100%;1;R2;2A;5223;20;0;3;0;23;0;46
3;ECO;S2M2;M2_200_100%;1;R2;3A;1577;5;0;1;0;6;0;12
3;ECO;S2M2;M2_200_100%;2;R2;C;677;5;0;1;1;7;0;14.58333333
3;ECO;S2M2;M2_200_100%;2;R2;B;1713;6;0;4;1;11;0;22.91666667
3;ECO;S2M2;M2_200_100%;2;R2;A;2118;9;0;2;2;13;0;27.08333333
3;ECO;S2M2;M2_200_100%;2;R2;2A;2280;8;0;3;0;11;0;22.91666667
3;ECO;S2M2;M2_200_100%;2;R2;3A;1695;2;0;4;0;6;0;12.5
3;ECO;S2M2;M2_200_100%;3;R3;C;387;4;0;0;0;4;0;4.819277108
3;ECO;S2M2;M2_200_100%;3;R3;B;2904;20;1;0;1;22;0.045454545;26.5060241
3;ECO;S2M2;M2_200_100%;3;R3;A;3578;19;0;0;2;21;0;25.30120482
3;ECO;S2M2;M2_200_100%;3;R3;2A;6316;23;0;5;2;30;0;36.14457831
3;ECO;S2M2;M2_200_100%;3;R3;3A;1473;6;0;0;0;6;0;7.228915663
3;ECO;S2M2;M2_200_100%;4;R3;C;258;2;0;1;0;3;0;6.12244898
3;ECO;S2M2;M2_200_100%;4;R3;B;1056;5;0;2;1;8;0;16.32653061
3;ECO;S2M2;M2_200_100%;4;R3;A;2130;7;1;4;1;13;0.076923077;26.53061224
3;ECO;S2M2;M2_200_100%;4;R3;2A;4318;15;1;5;1;22;0.045454545;44.89795918
3;ECO;S2M2;M2_200_100%;4;R3;3A;803;2;0;1;0;3;0;6.12244898
3;ECO;S2M2;M2_200_100%;5;R5;C;205;2;0;0;0;2;0;2.666666667
3;ECO;S2M2;M2_200_100%;5;R5;B;1331;7;0;2;1;10;0;13.33333333
3;ECO;S2M2;M2_200_100%;5;R5;A;3231;14;1;3;1;19;0.052631579;25.33333333
3;ECO;S2M2;M2_200_100%;5;R5;2A;7982;30;2;6;1;39;0.051282051;52
3;ECO;S2M2;M2_200_100%;5;R5;3A;1257;5;0;0;0;5;0;6.666666667
3;ECO;S2M2;M2_200_100%;6;R5;C;784;9;0;0;0;9;0;12.85714286
3;ECO;S2M2;M2_200_100%;6;R5;B;937;5;0;1;1;7;0;10
3;ECO;S2M2;M2_200_100%;6;R5;A;2925;12;1;4;0;17;0.058823529;24.28571429
3;ECO;S2M2;M2_200_100%;6;R5;2A;4235;16;0;4;0;20;0;28.57142857
3;ECO;S2M2;M2_200_100%;6;R5;3A;4410;11;1;2;3;17;0.058823529;24.28571429
3;ECO;S2M3;M3_400_50%;1;R1;C;4555;41;0;4;3;48;0;36.36363636
3;ECO;S2M3;M3_400_50%;1;R1;B;5023;33;0;6;0;39;0;29.54545455
3;ECO;S2M3;M3_400_50%;1;R1;A;5102;25;2;4;0;31;0.064516129;23.48484848
3;ECO;S2M3;M3_400_50%;1;R1;2A;2850;7;1;6;0;14;0.071428571;10.60606061
3;ECO;S2M3;M3_400_50%;1;R1;3A;0;0;0;0;0;0;NA;0
3;ECO;S2M3;M3_400_50%;2;R1;C;6396;63;0;4;4;71;0;51.44927536
3;ECO;S2M3;M3_400_50%;2;R1;B;6950;46;0;6;1;53;0;38.4057971
3;ECO;S2M3;M3_400_50%;2;R1;A;1946;9;0;2;1;12;0;8.695652174
3;ECO;S2M3;M3_400_50%;2;R1;2A;396;1;0;1;0;2;0;1.449275362
3;ECO;S2M3;M3_400_50%;2;R1;3A;0;0;0;0;0;0;NA;0
3;ECO;S2M3;M3_400_50%;3;R1;C;1295;17;0;0;0;17;0;18.88888889
3;ECO;S2M3;M3_400_50%;3;R1;B;4628;25;1;8;1;35;0.028571429;38.88888889
3;ECO;S2M3;M3_400_50%;3;R1;A;4423;21;0;4;2;27;0;30
3;ECO;S2M3;M3_400_50%;3;R1;2A;2199;7;0;2;2;11;0;12.22222222
3;ECO;S2M3;M3_400_50%;3;R1;3A;0;0;0;0;0;0;NA;0
3;ECO;S2M3;M3_400_50%;4;R6;C;1800;11;0;8;0;19;0;19.19191919
3;ECO;S2M3;M3_400_50%;4;R6;B;7486;49;0;7;0;56;0;56.56565657
3;ECO;S2M3;M3_400_50%;4;R6;A;3822;15;0;4;4;23;0;23.23232323
3;ECO;S2M3;M3_400_50%;4;R6;2A;183;1;0;0;0;1;0;1.01010101
3;ECO;S2M3;M3_400_50%;4;R6;3A;0;0;0;0;0;0;NA;0
3;ECO;S2M3;M3_400_50%;5;R6;C;6044;59;0;8;2;69;0;54.76190476
3;ECO;S2M3;M3_400_50%;5;R6;B;5184;33;2;1;4;40;0.05;31.74603175
3;ECO;S2M3;M3_400_50%;5;R6;A;2378;7;0;5;2;14;0;11.11111111
3;ECO;S2M3;M3_400_50%;5;R6;2A;601;2;0;1;0;3;0;2.380952381
3;ECO;S2M3;M3_400_50%;5;R6;3A;0;0;0;0;0;0;NA;0
3;ECO;S2M3;M3_400_50%;6;R6;C;3216;27;0;10;0;37;0;31.09243697
3;ECO;S2M3;M3_400_50%;6;R6;B;7376;44;2;8;3;57;0.035087719;47.89915966
3;ECO;S2M3;M3_400_50%;6;R6;A;3220;15;1;4;0;20;0.05;16.80672269
3;ECO;S2M3;M3_400_50%;6;R6;2A;1049;3;0;2;0;5;0;4.201680672
3;ECO;S2M3;M3_400_50%;6;R6;3A;0;0;0;0;0;0;NA;0
3;ECO;S2M4;M4_200_50%;1;R1;C;1165;11;0;3;0;14;0;21.53846154
3;ECO;S2M4;M4_200_50%;1;R1;B;2882;16;0;3;0;19;0;29.23076923
3;ECO;S2M4;M4_200_50%;1;R1;A;4176;19;0;5;1;25;0;38.46153846
3;ECO;S2M4;M4_200_50%;1;R1;2A;1406;4;0;3;0;7;0;10.76923077
3;ECO;S2M4;M4_200_50%;1;R1;3A;0;0;0;0;0;0;NA;0
3;ECO;S2M4;M4_200_50%;2;R1;C;746;6;0;2;0;8;0;28.57142857
3;ECO;S2M4;M4_200_50%;2;R1;B;1646;10;0;2;1;13;0;46.42857143
3;ECO;S2M4;M4_200_50%;2;R1;A;1149;4;0;2;1;7;0;25
3;ECO;S2M4;M4_200_50%;2;R1;2A;0;0;0;0;0;0;NA;0
3;ECO;S2M4;M4_200_50%;2;R1;3A;0;0;0;0;0;0;NA;0
3;ECO;S2M4;M4_200_50%;3;R1;C;380;3;0;1;0;4;0;6.153846154
3;ECO;S2M4;M4_200_50%;3;R1;B;2612;15;0;4;1;20;0;30.76923077
3;ECO;S2M4;M4_200_50%;3;R1;A;4727;23;5;1;0;29;0.172413793;44.61538462
3;ECO;S2M4;M4_200_50%;3;R1;2A;1915;5;0;4;1;10;0;15.38461538
3;ECO;S2M4;M4_200_50%;3;R1;3A;514;1;0;1;0;2;0;3.076923077
3;ECO;S2M4;M4_200_50%;4;R6;C;2597;20;0;3;2;25;0;27.77777778
3;ECO;S2M4;M4_200_50%;4;R6;B;4952;34;0;4;0;38;0;42.22222222
3;ECO;S2M4;M4_200_50%;4;R6;A;3524;14;2;6;0;22;0.090909091;24.44444444
3;ECO;S2M4;M4_200_50%;4;R6;2A;797;2;0;2;0;4;0;4.444444444
3;ECO;S2M4;M4_200_50%;4;R6;3A;236;1;0;0;0;1;0;1.111111111
3;ECO;S2M4;M4_200_50%;5;R6;C;922;9;0;1;1;11;0;12.94117647
3;ECO;S2M4;M4_200_50%;5;R6;B;5051;32;0;5;2;39;0;45.88235294
3;ECO;S2M4;M4_200_50%;5;R6;A;5127;26;1;4;1;32;0.03125;37.64705882
3;ECO;S2M4;M4_200_50%;5;R6;2A;606;1;0;1;1;3;0;3.529411765
3;ECO;S2M4;M4_200_50%;5;R6;3A;0;0;0;0;0;0;NA;0
3;ECO;S2M4;M4_200_50%;6;R6;C;2221;22;0;0;1;23;0;24.21052632
3;ECO;S2M4;M4_200_50%;6;R6;B;4603;31;1;3;0;35;0.028571429;36.84210526
3;ECO;S2M4;M4_200_50%;6;R6;A;4987;21;2;5;3;31;0.064516129;32.63157895
3;ECO;S2M4;M4_200_50%;6;R6;2A;1125;5;0;1;0;6;0;6.315789474
3;ECO;S2M4;M4_200_50%;6;R6;3A;0;0;0;0;0;0;NA;0
3;REF;S1M1;M1_400_100%;1;R3;C;2922;22;1;6;2;31;0.032258065;29.52380952
3;REF;S1M1;M1_400_100%;1;R3;B;3343;20;0;5;2;27;0;25.71428571
3;REF;S1M1;M1_400_100%;1;R3;A;5896;30;1;4;0;35;0.028571429;33.33333333
3;REF;S1M1;M1_400_100%;1;R3;2A;2388;4;0;6;2;12;0;11.42857143
3;REF;S1M1;M1_400_100%;1;R3;3A;0;0;0;0;0;0;NA;0
3;REF;S1M1;M1_400_100%;2;R3;C;1093;8;0;6;0;14;0;14.14141414
3;REF;S1M1;M1_400_100%;2;R3;B;2084;8;0;6;2;16;0;16.16161616
3;REF;S1M1;M1_400_100%;2;R3;A;7971;40;0;6;3;49;0;49.49494949
3;REF;S1M1;M1_400_100%;2;R3;2A;3641;14;0;4;1;19;0;19.19191919
3;REF;S1M1;M1_400_100%;2;R3;3A;227;1;0;0;0;1;0;1.01010101
3;REF;S1M1;M1_400_100%;3;R4;C;916;3;0;5;1;9;0;9.375
3;REF;S1M1;M1_400_100%;3;R4;B;4385;22;1;8;3;34;0.029411765;35.41666667
3;REF;S1M1;M1_400_100%;3;R4;A;7505;29;2;10;2;43;0.046511628;44.79166667
3;REF;S1M1;M1_400_100%;3;R4;2A;1954;6;0;3;1;10;0;10.41666667
3;REF;S1M1;M1_400_100%;3;R4;3A;0;0;0;0;0;0;NA;0
3;REF;S1M1;M1_400_100%;4;R4;C;3500;25;0;13;3;41;0;35.04273504
3;REF;S1M1;M1_400_100%;4;R4;B;4761;26;0;12;0;38;0;32.47863248
3;REF;S1M1;M1_400_100%;4;R4;A;4254;21;0;4;1;26;0;22.22222222
3;REF;S1M1;M1_400_100%;4;R4;2A;2560;10;0;2;0;12;0;10.25641026
3;REF;S1M1;M1_400_100%;4;R4;3A;0;0;0;0;0;0;NA;0
3;REF;S1M1;M1_400_100%;5;R5;C;4424;36;0;11;3;50;0;41.66666667
3;REF;S1M1;M1_400_100%;5;R5;B;5367;30;0;6;4;40;0;33.33333333
3;REF;S1M1;M1_400_100%;5;R5;A;4120;19;0;4;2;25;0;20.83333333
3;REF;S1M1;M1_400_100%;5;R5;2A;558;2;1;0;0;3;0.333333333;2.5
3;REF;S1M1;M1_400_100%;5;R5;3A;491;1;0;1;0;2;0;1.666666667
3;REF;S1M1;M1_400_100%;6;R5;C;569;5;0;0;1;6;0;7.792207792
3;REF;S1M1;M1_400_100%;6;R5;B;2009;11;0;2;2;15;0;19.48051948
3;REF;S1M1;M1_400_100%;6;R5;A;5566;27;0;5;2;34;0;44.15584416
3;REF;S1M1;M1_400_100%;6;R5;2A;4086;14;0;4;2;20;0;25.97402597
3;REF;S1M1;M1_400_100%;6;R5;3A;488;1;0;1;0;2;0;2.597402597
3;REF;S1M2;M2_200_100%;1;R3;C;0;0;0;0;0;0;NA;0
3;REF;S1M2;M2_200_100%;1;R3;B;542;1;0;3;0;4;0;8.695652174
3;REF;S1M2;M2_200_100%;1;R3;A;3407;14;0;5;1;20;0;43.47826087
3;REF;S1M2;M2_200_100%;1;R3;2A;4614;17;1;4;0;22;0.045454545;47.82608696
3;REF;S1M2;M2_200_100%;1;R3;3A;0;0;0;0;0;0;NA;0
3;REF;S1M2;M2_200_100%;2;R3;C;986;7;1;3;1;12;0.083333333;18.18181818
3;REF;S1M2;M2_200_100%;2;R3;B;1100;4;0;2;2;8;0;12.12121212
3;REF;S1M2;M2_200_100%;2;R3;A;3428;14;0;5;2;21;0;31.81818182
3;REF;S1M2;M2_200_100%;2;R3;2A;3692;10;1;6;2;19;0.052631579;28.78787879
3;REF;S1M2;M2_200_100%;2;R3;3A;1472;3;0;2;1;6;0;9.090909091
3;REF;S1M2;M2_200_100%;3;R4;C;375;3;0;1;0;4;0;7.692307692
3;REF;S1M2;M2_200_100%;3;R4;B;493;1;1;2;0;4;0.25;7.692307692
3;REF;S1M2;M2_200_100%;3;R4;A;3445;14;0;5;2;21;0;40.38461538
3;REF;S1M2;M2_200_100%;3;R4;2A;4303;14;0;4;2;20;0;38.46153846
3;REF;S1M2;M2_200_100%;3;R4;3A;778;2;1;0;0;3;0.333333333;5.769230769
3;REF;S1M2;M2_200_100%;4;R4;C;327;1;1;0;1;3;0.333333333;4.615384615
3;REF;S1M2;M2_200_100%;4;R4;B;628;3;0;0;2;5;0;7.692307692
3;REF;S1M2;M2_200_100%;4;R4;A;3451;14;1;1;5;21;0.047619048;32.30769231
3;REF;S1M2;M2_200_100%;4;R4;2A;7085;27;1;6;1;35;0.028571429;53.84615385
3;REF;S1M2;M2_200_100%;4;R4;3A;213;1;0;0;0;1;0;1.538461538
3;REF;S1M2;M2_200_100%;5;R5;C;397;3;0;1;0;4;0;11.42857143
3;REF;S1M2;M2_200_100%;5;R5;B;686;4;0;0;1;5;0;14.28571429
3;REF;S1M2;M2_200_100%;5;R5;A;1464;5;0;3;1;9;0;25.71428571
3;REF;S1M2;M2_200_100%;5;R5;2A;3046;9;0;3;2;14;0;40
3;REF;S1M2;M2_200_100%;5;R5;3A;786;2;0;1;0;3;0;8.571428571
3;REF;S1M2;M2_200_100%;6;R5;C;371;4;0;0;0;4;0;4.87804878
3;REF;S1M2;M2_200_100%;6;R5;B;1431;9;0;1;1;11;0;13.41463415
3;REF;S1M2;M2_200_100%;6;R5;A;3966;21;0;1;2;24;0;29.26829268
3;REF;S1M2;M2_200_100%;6;R5;2A;8356;31;3;5;1;40;0.075;48.7804878
3;REF;S1M2;M2_200_100%;6;R5;3A;700;3;0;0;0;3;0;3.658536585
3;REF;S1M3;M3_400_50%;1;R2;C;3401;31;0;1;1;33;0;28.44827586
3;REF;S1M3;M3_400_50%;1;R2;B;7225;48;0;5;2;55;0;47.4137931
3;REF;S1M3;M3_400_50%;1;R2;A;3147;16;0;3;0;19;0;16.37931034
3;REF;S1M3;M3_400_50%;1;R2;2A;1816;5;0;3;1;9;0;7.75862069
3;REF;S1M3;M3_400_50%;1;R2;3A;0;0;0;0;0;0;NA;0
3;REF;S1M3;M3_400_50%;2;R2;C;1408;14;0;0;0;14;0;14.58333333
3;REF;S1M3;M3_400_50%;2;R2;B;3958;25;0;2;2;29;0;30.20833333
3;REF;S1M3;M3_400_50%;2;R2;A;7089;35;0;7;1;43;0;44.79166667
3;REF;S1M3;M3_400_50%;2;R2;2A;2030;7;0;2;1;10;0;10.41666667
3;REF;S1M3;M3_400_50%;2;R2;3A;0;0;0;0;0;0;NA;0
3;REF;S1M3;M3_400_50%;3;R2;C;5636;59;0;0;1;60;0;51.72413793
3;REF;S1M3;M3_400_50%;3;R2;B;6269;39;0;6;2;47;0;40.51724138
3;REF;S1M3;M3_400_50%;3;R2;A;1322;4;1;2;1;8;0.125;6.896551724
3;REF;S1M3;M3_400_50%;3;R2;2A;201;0;0;0;1;1;0;0.862068966
3;REF;S1M3;M3_400_50%;3;R2;3A;0;0;0;0;0;0;NA;0
3;REF;S1M3;M3_400_50%;4;R6;C;2004;22;0;1;0;23;0;24.46808511
3;REF;S1M3;M3_400_50%;4;R6;B;4298;27;0;3;2;32;0;34.04255319
3;REF;S1M3;M3_400_50%;4;R6;A;5570;29;0;2;3;34;0;36.17021277
3;REF;S1M3;M3_400_50%;4;R6;2A;1052;4;0;0;1;5;0;5.319148936
3;REF;S1M3;M3_400_50%;4;R6;3A;0;0;0;0;0;0;NA;0
3;REF;S1M3;M3_400_50%;5;R6;C;2259;21;0;2;2;25;0;28.40909091
3;REF;S1M3;M3_400_50%;5;R6;B;5718;32;0;10;2;44;0;50
3;REF;S1M3;M3_400_50%;5;R6;A;3246;14;0;4;1;19;0;21.59090909
3;REF;S1M3;M3_400_50%;5;R6;2A;0;0;0;0;0;0;NA;0
3;REF;S1M3;M3_400_50%;5;R6;3A;0;0;0;0;0;0;NA;0
3;REF;S1M3;M3_400_50%;6;R6;C;2741;25;1;3;1;30;0.033333333;42.25352113
3;REF;S1M3;M3_400_50%;6;R6;B;2919;19;1;4;0;24;0.041666667;33.8028169
3;REF;S1M3;M3_400_50%;6;R6;A;2199;13;0;1;0;14;0;19.71830986
3;REF;S1M3;M3_400_50%;6;R6;2A;421;1;0;0;1;2;0;2.816901408
3;REF;S1M3;M3_400_50%;6;R6;3A;260;0;0;1;0;1;0;1.408450704
3;REF;S1M4;M4_200_50%;1;R2;C;569;5;0;2;0;7;0;8.860759494
3;REF;S1M4;M4_200_50%;1;R2;B;2794;14;0;3;3;20;0;25.3164557
3;REF;S1M4;M4_200_50%;1;R2;A;4410;19;0;6;0;25;0;31.64556962
3;REF;S1M4;M4_200_50%;1;R2;2A;5632;18;0;7;1;26;0;32.91139241
3;REF;S1M4;M4_200_50%;1;R2;3A;250;1;0;0;0;1;0;1.265822785
3;REF;S1M4;M4_200_50%;2;R2;C;1431;9;0;5;0;14;0;16.47058824
3;REF;S1M4;M4_200_50%;2;R2;B;3916;22;0;6;1;29;0;34.11764706
3;REF;S1M4;M4_200_50%;2;R2;A;5488;24;0;9;1;34;0;40
3;REF;S1M4;M4_200_50%;2;R2;2A;1572;3;0;4;1;8;0;9.411764706
3;REF;S1M4;M4_200_50%;2;R2;3A;0;0;0;0;0;0;NA;0
3;REF;S1M4;M4_200_50%;3;R2;C;1255;11;1;0;0;12;0.083333333;14.63414634
3;REF;S1M4;M4_200_50%;3;R2;B;4582;27;0;5;2;34;0;41.46341463
3;REF;S1M4;M4_200_50%;3;R2;A;4880;27;0;3;0;30;0;36.58536585
3;REF;S1M4;M4_200_50%;3;R2;2A;1202;4;0;1;1;6;0;7.317073171
3;REF;S1M4;M4_200_50%;3;R2;3A;0;0;0;0;0;0;NA;0
3;REF;S1M4;M4_200_50%;4;R6;C;263;3;0;0;0;3;0;27.27272727
3;REF;S1M4;M4_200_50%;4;R6;B;123;0;0;0;1;1;0;9.090909091
3;REF;S1M4;M4_200_50%;4;R6;A;673;2;0;1;1;4;0;36.36363636
3;REF;S1M4;M4_200_50%;4;R6;2A;666;2;0;0;1;3;0;27.27272727
3;REF;S1M4;M4_200_50%;4;R6;3A;0;0;0;0;0;0;NA;0
3;REF;S1M4;M4_200_50%;5;R6;C;471;5;0;0;0;5;0;8.474576271
3;REF;S1M4;M4_200_50%;5;R6;B;4928;31;0;5;2;38;0;64.40677966
3;REF;S1M4;M4_200_50%;5;R6;A;2256;14;0;0;0;14;0;23.72881356
3;REF;S1M4;M4_200_50%;5;R6;2A;177;1;0;0;0;1;0;1.694915254
3;REF;S1M4;M4_200_50%;5;R6;3A;242;1;0;0;0;1;0;1.694915254
3;REF;S1M4;M4_200_50%;6;R6;C;1123;9;0;2;1;12;0;19.67213115
3;REF;S1M4;M4_200_50%;6;R6;B;3060;17;0;5;7;29;0;47.54098361
3;REF;S1M4;M4_200_50%;6;R6;A;2713;14;0;2;1;17;0;27.86885246
3;REF;S1M4;M4_200_50%;6;R6;2A;569;1;0;2;0;3;0;4.918032787
3;REF;S1M4;M4_200_50%;6;R6;3A;0;0;0;0;0;0;NA;0
